{
    "help": {
        "showHelp": true
    },
    "state": {
        "stateVarVer": 2
    },
    "broadcast": {
        "msgId": "",
        "message": "",
        "type": "info",
        "devBannerMsg": {
            "msgId": "7lVTfVCjHA",
            "message": "You must obey me at all costs ;)",
            "type": "warn",
            "expireDt": "Wed Feb 15 00:00:00 EST 2017"
        }
    },
    "updater": {
        "updateVer": 1,
        "updateMsg": "",
        "updateDesc": "",
        "updateType": "std",
        "setupVersion": 2,
        "versions": {
            "app": {
                "ver": "5.1.5"
            },
            "autoapp": {
                "ver": "5.1.3"
            },
            "thermostat": {
                "ver": "5.1.2"
            },
            "protect": {
                "ver": "5.1.1"
            },
            "camera": {
                "ver": "5.1.1"
            },
            "presence": {
                "ver": "5.1.1"
            },
            "weather": {
                "ver": "5.1.1"
            }
        }
    },
    "html": {
        "cssVer": 1,
        "cssUrl": "https://raw.githubusercontent.com/tonesto7/nest-manager/master/Documents/css/ST-HTML.min.css",
        "chartJsVer": 1,
        "chartJsUrl": "https://www.gstatic.com/charts/loader.js"
    },
    "database": {
        "allowRemoteDiag": true,
        "disableExceptions": false,
        "exceptionPath": "exceptionData",
        "newexceptionPath": "newexceptionData",
        "remoteDiagPath": "remoteDiagLogs"
    },
    "aaPrefs": {
        "enAaMsgQueue": true,
        "enMultiQueue": false
    },
    "reportPrefs": {
        "disVoiceZoneRprt": false,
        "disVoiceUsageRprt": false
    },
    "clientBL": {
        "clients": []
    },
    "clientRemDiagAuth": {
        "clients": ["bad978ab-f37e-48c9-909c-1971e1970364", "44360aba-62c0-4f6b-a2c9-c93668c64352", "14157c70-619b-4718-b34d-55e6cfb06200"]
    },
    "pollMethod": {
        "allowAsync": true
    },
    "schedules": {
        "count": 8
    },
    "eventStreaming": {
        "enabled": true,
        "minVersion": "1.0.0"
    },
    "healthcheck": {
        "camTimeout": 120,
        "protWireTimeout": 35,
        "protBattTimeout": 1500,
        "tstatTimeout": 35,
        "longTimeout": 120,
        "timeout": 35,
        "enabled": true
    },
    "devStatusPage": {
        "enabled": false,
        "path": ""
    }
}
