{
  "help": {
    "showHelp": true
  },
  "state": {
    "stateVarVer": 2
  },
  "versions": {
    "app": {
      "ver": "5.0.10"
    },
    "thermostat": {
      "ver": "5.1.0"
    },
    "protect": {
      "ver": "5.1.0"
    },
    "camera": {
      "ver": "5.1.0"
    },
    "presence": {
      "ver": "5.1.0"
    },
    "weather": {
      "ver": "5.1.0"
    }
  },
  "token": {
    "tokenNum": 4
  },
  "broadcast": {
    "msgId": "",
    "message": "",
    "type": "info"
  },
  "updater": {
    "updateVer": 1,
    "updateMsg": "",
    "updateDesc": "",
    "updateType": "std",
    "setupVersion": 2,
    "versions": {
      "app": {
        "ver": "5.0.10"
      },
      "thermostat": {
        "ver": "5.1.0"
      },
      "protect": {
        "ver": "5.1.0"
      },
      "camera": {
        "ver": "5.1.0"
      },
      "presence": {
        "ver": "5.1.0"
      },
      "weather": {
        "ver": "5.1.0"
      }
    }
  },
  "html": {
    "cssVer": 1,
    "cssUrl": "https://raw.githubusercontent.com/tonesto7/nest-manager/master/Documents/css/ST-HTML.css",
    "chartJsVer": 1,
    "chartJsUrl": "https://www.gstatic.com/charts/loader.js"
  },
  "database": {
    "disableExceptions": true
  },
  "aaSupport": {
    "enabled": true
  }
}
